date,spend,daily_budget,rolling_7d,severity,campaign_id,campaign_name
2025-02-11,11.981663,8926.22,11.981663,Critical,CAM00004,Ross Essentials | Video | Feb 2025
2025-02-12,10.595071,8926.22,11.288367000000001,Critical,CAM00004,Ross Essentials | Video | Feb 2025
2025-02-13,9.771436999999997,8926.22,10.782723666666664,Critical,CAM00004,Ross Essentials | Video | Feb 2025
2025-02-14,12.856844000000002,8926.22,11.30125375,Critical,CAM00004,Ross Essentials | Video | Feb 2025
2025-02-15,15.154295999999997,8926.22,12.0718622,Critical,CAM00004,Ross Essentials | Video | Feb 2025
2025-02-16,14.881209000000002,8926.22,12.540086666666667,Critical,CAM00004,Ross Essentials | Video | Feb 2025
2025-02-17,8.551568999999999,8926.22,11.970298428571429,Critical,CAM00004,Ross Essentials | Video | Feb 2025
2025-02-18,13.123601999999996,8926.22,12.133432571428571,Critical,CAM00004,Ross Essentials | Video | Feb 2025
2025-02-19,12.131251999999996,8926.22,12.352886999999997,Critical,CAM00004,Ross Essentials | Video | Feb 2025
2025-02-20,10.572062999999998,8926.22,12.467262142857141,Critical,CAM00004,Ross Essentials | Video | Feb 2025
2025-02-21,11.680484999999997,8926.22,12.299210857142855,Critical,CAM00004,Ross Essentials | Video | Feb 2025
2025-02-22,14.278373000000002,8926.22,12.174079,Critical,CAM00004,Ross Essentials | Video | Feb 2025
2025-02-23,15.578740000000002,8926.22,12.273726285714284,Critical,CAM00004,Ross Essentials | Video | Feb 2025
2025-02-24,10.812284,8926.22,12.59668557142857,Critical,CAM00004,Ross Essentials | Video | Feb 2025
2025-02-25,12.004996999999998,8926.22,12.436884857142855,Critical,CAM00004,Ross Essentials | Video | Feb 2025
2025-02-26,11.883752999999997,8926.22,12.401527857142856,Critical,CAM00004,Ross Essentials | Video | Feb 2025
2025-02-27,10.458027000000003,8926.22,12.385237,Critical,CAM00004,Ross Essentials | Video | Feb 2025
2025-02-28,11.469593,8926.22,12.35510957142857,Critical,CAM00004,Ross Essentials | Video | Feb 2025
2025-03-01,18.242487000000004,8926.22,12.921411571428573,Critical,CAM00004,Ross Essentials | Video | Feb 2025
2025-03-02,17.786047,8926.22,13.236741142857143,Critical,CAM00004,Ross Essentials | Video | Feb 2025
2025-03-03,11.276795,8926.22,13.303099857142856,Critical,CAM00004,Ross Essentials | Video | Feb 2025
2025-03-04,10.666946999999999,8926.22,13.111949857142859,Critical,CAM00004,Ross Essentials | Video | Feb 2025
2025-03-05,11.50854,8926.22,13.058348,Critical,CAM00004,Ross Essentials | Video | Feb 2025
2025-03-06,11.391233999999999,8926.22,13.191663285714286,Critical,CAM00004,Ross Essentials | Video | Feb 2025
2025-03-07,10.060887,8926.22,12.990419571428571,Critical,CAM00004,Ross Essentials | Video | Feb 2025
2025-03-08,16.468984,8926.22,12.737062,Critical,CAM00004,Ross Essentials | Video | Feb 2025
2025-03-09,15.303390000000002,8926.22,12.382396714285715,Critical,CAM00004,Ross Essentials | Video | Feb 2025
2025-03-10,10.119572999999999,8926.22,12.217079285714286,Critical,CAM00004,Ross Essentials | Video | Feb 2025
2025-03-11,13.008716999999997,8926.22,12.551617857142856,Critical,CAM00004,Ross Essentials | Video | Feb 2025
2025-03-12,13.903692999999997,8926.22,12.89378257142857,Critical,CAM00004,Ross Essentials | Video | Feb 2025
2025-03-13,13.699912999999999,8926.22,13.223593857142857,Critical,CAM00004,Ross Essentials | Video | Feb 2025
2025-03-14,10.990936,8926.22,13.356458,Critical,CAM00004,Ross Essentials | Video | Feb 2025
2025-03-15,15.777951,8926.22,13.257738999999999,Critical,CAM00004,Ross Essentials | Video | Feb 2025
2025-03-16,15.373954999999999,8926.22,13.26781971428571,Critical,CAM00004,Ross Essentials | Video | Feb 2025
2025-03-17,12.060587,8926.22,13.545107428571429,Critical,CAM00004,Ross Essentials | Video | Feb 2025
2025-03-18,12.115344,8926.22,13.417482714285713,Critical,CAM00004,Ross Essentials | Video | Feb 2025
2025-03-19,11.401691999999999,8926.22,13.060054,Critical,CAM00004,Ross Essentials | Video | Feb 2025
2025-03-20,11.348103999999998,8926.22,12.724081285714286,Critical,CAM00004,Ross Essentials | Video | Feb 2025
2025-03-21,10.865884000000001,8926.22,12.706216714285715,Critical,CAM00004,Ross Essentials | Video | Feb 2025
2025-03-22,15.80724,8926.22,12.710400857142856,Critical,CAM00004,Ross Essentials | Video | Feb 2025
2025-03-23,14.834572000000001,8926.22,12.633346142857144,Critical,CAM00004,Ross Essentials | Video | Feb 2025
2025-03-24,13.416410999999998,8926.22,12.827035285714286,Critical,CAM00004,Ross Essentials | Video | Feb 2025
2025-03-25,12.405976,8926.22,12.868554142857144,Critical,CAM00004,Ross Essentials | Video | Feb 2025
2025-03-26,12.297143000000002,8926.22,12.996475714285713,Critical,CAM00004,Ross Essentials | Video | Feb 2025
2025-03-27,11.109251000000002,8926.22,12.962353857142858,Critical,CAM00004,Ross Essentials | Video | Feb 2025
2025-03-28,13.320578000000001,8926.22,13.31302442857143,Critical,CAM00004,Ross Essentials | Video | Feb 2025
2025-03-29,15.846154999999998,8926.22,13.318583714285717,Critical,CAM00004,Ross Essentials | Video | Feb 2025
2025-03-30,13.67179,8926.22,13.152472000000001,Critical,CAM00004,Ross Essentials | Video | Feb 2025
2025-03-31,13.738694,8926.22,13.19851242857143,Critical,CAM00004,Ross Essentials | Video | Feb 2025
2025-04-01,12.395603000000001,8926.22,13.19703057142857,Critical,CAM00004,Ross Essentials | Video | Feb 2025
2025-04-02,12.49694,8926.22,13.225573,Critical,CAM00004,Ross Essentials | Video | Feb 2025
