campaign_id,campaign_name,campaign_type,daily_budget,target_acos,impressions,clicks,cart_adds,purchases,spend,ctr,cvr,cpc,revenue,roas,acos
CAM00004,Ross Essentials | Video | Feb 2025,Video,8926.22,0.492,192767,665,80,23,652.497271,0.003449760591802539,0.03458646616541353,0.9811989037593984,738.62,1.1319894087342475,0.8834004914570415
CAM00010,Guzman Labs | Video | Jul 2024,Video,7324.9,0.498,157144,579,54,20,542.9158349999999,0.003684518658046123,0.03454231433506045,0.9376784715025905,613.27,1.1295857671935468,0.8852802762241752
CAM00131,Garcia-James Consumer | Video | Sep 2024,Video,6547.84,0.504,140952,516,66,25,487.74970500000006,0.003660820704920824,0.04844961240310078,0.9452513662790699,388.15999999999997,0.7958180107971565,1.2565686958985989
CAM00039,Guzman Labs | Sponsored Brand | Oct 2024,Sponsored Brand,7362.69,0.329,158229,1084,136,53,474.47494099999994,0.006850830125956683,0.048892988929889296,0.4377075101476014,1771.18,3.732926329612,0.26788634751973256
CAM00295,Hoffman Essentials | Sponsored Brand | Aug 2024,Sponsored Brand,7477.2,0.263,160612,1035,126,52,466.82525200000003,0.006444101312479765,0.050241545893719805,0.4510388908212561,1679.15,3.5969562332073672,0.27801283506536045
CAM00149,Harris Foods | Sponsored Product | Jun 2024,Sponsored Product,8698.07,0.255,187021,1500,205,67,451.084005,0.008020489677629784,0.04466666666666667,0.30072266999999997,642.11,1.4234820851162746,0.7025026942424195
CAM00261,Wilkerson-Day Consumer | Video | May 2025,Video,6042.87,0.478,129783,479,47,22,449.4181940000001,0.0036907761417134754,0.04592901878914405,0.9382425762004177,852.11,1.8960291580896698,0.5274180493128823
CAM00063,Rodriguez-Graham Naturals | Sponsored Brand | Apr 2024,Sponsored Brand,6469.14,0.299,138833,876,102,46,400.144533,0.006309739038989289,0.05251141552511415,0.45678599657534247,2207.91,5.517781246307818,0.18123226626085304
CAM00219,Ross Essentials | Sponsored Product | Jan 2024,Sponsored Product,7837.18,0.238,168159,1301,189,72,397.1440879999999,0.007736725361116563,0.05534204458109147,0.3052606364335126,1639.53,4.128300154879809,0.24223044897013163
CAM00022,Harris Foods | Sponsored Brand | Jan 2024,Sponsored Brand,6114.27,0.269,131649,914,139,54,396.49484200000006,0.0069427037045476985,0.05908096280087528,0.433801796498906,660.47,1.6657719849984831,0.6003222583917514
CAM00023,Garcia-James Consumer | Sponsored Product | Dec 2024,Sponsored Product,7356.62,0.213,158918,1255,183,76,379.88966500000004,0.007897154507355996,0.06055776892430279,0.30270092828685263,1032.6,2.718157652433108,0.36789624733681975
CAM00013,Hoffman Essentials | Sponsored Product | Jun 2024,Sponsored Product,7313.42,0.246,156813,1213,166,61,370.0226409999999,0.007735328065912902,0.05028854080791426,0.30504751937345415,2211.21,5.975877567989145,0.1673394390401635
CAM00112,Garcia-James Consumer | Sponsored Product | Sep 2024,Sponsored Product,6695.7,0.227,144317,1196,155,57,353.03621000000004,0.00828731195909006,0.047658862876254184,0.29518077759197325,639.4,1.811145661234013,0.5521367062871443
CAM00060,Wilkerson-Day Consumer | Video | Dec 2024,Video,4435.56,0.434,94622,323,34,14,318.23657,0.003413582464965864,0.043343653250773995,0.9852525386996903,369.76,1.1619029202080704,0.8606571019039376
CAM00222,Harris Foods | Sponsored Product | Apr 2024,Sponsored Product,5858.41,0.153,126296,997,132,47,301.973915,0.00789415341736872,0.04714142427281846,0.3028825626880642,364.87,1.208283172405802,0.8276205634883657
CAM00093,Garcia-James Consumer | Video | Apr 2025,Video,3993.86,0.447,85768,305,28,10,293.666875,0.003556104840966328,0.03278688524590164,0.9628422131147542,76.43,0.2602608823347884,3.8422985084390944
CAM00054,Flowers Foods | Sponsored Product | Apr 2025,Sponsored Product,5721.36,0.277,122784,945,145,53,288.249706,0.007696442533229085,0.056084656084656084,0.30502614391534394,916.71,3.1802634345097998,0.31443936032114844
CAM00076,Guzman Labs | Sponsored Product | Mar 2025,Sponsored Product,5550.86,0.202,119351,947,126,51,284.48150699999997,0.007934579517557456,0.05385427666314678,0.30040285850052795,2273.4,7.9913806137142,0.12513482317234095
CAM00140,Rodriguez-Graham Naturals | Sponsored Product | Sep 2024,Sponsored Product,5285.69,0.233,113996,886,129,52,270.07207800000003,0.007772202533422225,0.05869074492099323,0.3048217584650113,2091.15,7.7429329810244205,0.12915002654042035
CAM00058,Flowers Foods | Sponsored Product | Mar 2024,Sponsored Product,5038.88,0.277,108702,831,109,44,255.14472899999998,0.007644753546392891,0.052948255114320095,0.30703336823104693,798.22,3.1284988842548267,0.31964211495577655
CAM00091,Ross Essentials | Sponsored Product | Sep 2024,Sponsored Product,4716.38,0.211,101743,829,105,41,247.4586999999999,0.00814798069646069,0.04945717732207479,0.29850265379975865,1039.03,4.198801658620208,0.2381631906682193
CAM00180,Garcia-James Consumer | Video | May 2025,Video,2806.92,0.538,60272,237,22,4,213.97986999999998,0.003932174143881072,0.016877637130801686,0.9028686497890295,53.55,0.25025718540720676,3.995889262371615
CAM00152,Guzman Labs | Sponsored Product | Apr 2025,Sponsored Product,4181.03,0.14,89689,711,101,38,213.40579499999996,0.007927393548818695,0.053445850914205346,0.3001487974683544,1438.18,6.739179692847611,0.1483860121820634
CAM00287,Flowers Foods | Sponsored Product | Apr 2025,Sponsored Product,3997.59,0.208,85834,676,95,40,207.030162,0.007875666985110795,0.05917159763313609,0.30625763609467455,598.75,2.8920906703439666,0.3457706254697286
CAM00294,Rodriguez-Graham Naturals | Display | Jan 2024,Display,4577.93,0.397,98074,298,27,7,207.013147,0.003038521932418378,0.02348993288590604,0.6946749899328859,158.21,0.7642509777410418,1.3084706845332152
CAM00045,Guzman Labs | Sponsored Product | Sep 2024,Sponsored Product,4293.8,0.223,91785,643,75,27,203.98704100000003,0.007005501988342322,0.041990668740279936,0.31724267651632976,1029.39,5.046349978673399,0.19816302956119644
CAM00072,Ross Essentials | Sponsored Brand | May 2025,Sponsored Brand,3193.15,0.289,68594,450,63,29,201.12140599999995,0.006560340554567455,0.06444444444444444,0.4469364577777777,638.25,3.1734563351252634,0.3151138362710536
CAM00171,Harris Foods | Sponsored Product | May 2025,Sponsored Product,4033.77,0.173,86050,656,95,43,200.79576300000002,0.007623474723997676,0.06554878048780488,0.30609110213414636,466.78000000000003,2.3246506451433437,0.4301721646171644
CAM00048,Smith-Bowen Essentials | Sponsored Product | Jan 2025,Sponsored Product,3651.07,0.24,78377,632,92,28,188.98169900000005,0.008063590083825612,0.04430379746835443,0.2990216756329115,639.8100000000001,3.38556592191501,0.2953715931292103
CAM00146,Harris Foods | Sponsored Product | Nov 2024,Sponsored Product,3739.51,0.194,80006,613,75,32,187.778478,0.00766192535559833,0.052202283849918436,0.306327044045677,292.27,1.5564616515850127,0.6424829027953605
CAM00037,Guzman Labs | Video | Mar 2024,Video,2397.04,0.369,51709,208,27,8,185.362795,0.004022510588098783,0.038461538461538464,0.8911672836538462,368.31,1.9869683126001634,0.5032792891857403
CAM00075,Ferrell Foods | Video | Feb 2024,Video,2993.45,0.505,57240,220,22,10,181.689929,0.003843466107617051,0.045454545454545456,0.8258633136363637,93.88,0.5167044784303922,1.9353422347677889
CAM00160,Harris Foods | Sponsored Brand | May 2025,Sponsored Brand,2824.94,0.372,60708,389,45,17,175.440384,0.006407722211240694,0.043701799485861184,0.45100355784061696,163.92000000000002,0.9343344802528477,1.0702805270863835
CAM00164,Wilkerson-Day Consumer | Sponsored Product | May 2024,Sponsored Product,3246.47,0.188,70296,586,75,26,172.07515999999998,0.00833617844543075,0.04436860068259386,0.29364361774744024,914.32,5.313492081018551,0.18820014874442206
CAM00080,Garcia-James Consumer | Sponsored Brand | Jan 2024,Sponsored Brand,2763.66,0.342,59418,374,49,20,170.049224,0.006294388905718806,0.053475935828877004,0.4546770695187166,375.17,2.206243528638508,0.4532591198656609
CAM00097,Smith-Bowen Essentials | Sponsored Brand | Jan 2025,Sponsored Brand,2610.19,0.317,56291,381,55,16,169.713053,0.006768399921834751,0.04199475065616798,0.44544108398950133,324.67,1.9130526159352046,0.5227247759263252
CAM00136,Smith-Bowen Essentials | Sponsored Product | Apr 2025,Sponsored Product,3375.81,0.237,72769,547,74,32,168.62019,0.007516937157305996,0.05850091407678245,0.30826360146252285,1160.07,6.879781122296208,0.1453534614290517
CAM00126,Hoffman Essentials | Sponsored Product | Feb 2024,Sponsored Product,3108.91,0.217,66755,528,77,23,160.077011,0.007909519886150851,0.043560606060606064,0.3031761571969697,648.31,4.049988164759023,0.2469143018000648
CAM00156,Blair PLC Consumer | Sponsored Brand | Jan 2024,Sponsored Brand,3346.68,0.313,64225,378,39,14,159.559918,0.005885558583106267,0.037037037037037035,0.42211618518518523,425.27000000000004,2.6652683539233206,0.3751967408940203
CAM00234,Blair PLC Consumer | Sponsored Brand | Dec 2024,Sponsored Brand,3331.65,0.372,64007,362,49,17,157.85736399999996,0.00565563141531395,0.04696132596685083,0.43607006629834244,488.9,3.0970997336557584,0.3228827244835344
CAM00005,Harrell LLC Consumer | Video | Dec 2024,Video,2587.59,0.486,49649,181,14,6,155.73850299999998,0.003645592056234768,0.03314917127071823,0.8604337182320441,184.06,1.1818528909321802,0.8461289959795718
CAM00265,Hoffman Essentials | Sponsored Product | Nov 2024,Sponsored Product,3082.83,0.276,66276,514,75,23,155.51824000000002,0.007755446918945018,0.04474708171206226,0.3025646692607004,787.48,5.063586110542403,0.1974884949459034
CAM00130,Doyle Ltd Brands | Video | May 2025,Video,2551.12,0.45,48998,170,17,8,150.462233,0.0034695293685456548,0.047058823529411764,0.8850719588235294,128.09,0.8513099762383561,1.1746602623155593
CAM00218,Baker Labs | Sponsored Brand | Sep 2024,Sponsored Brand,3042.79,0.307,58572,352,46,20,149.606188,0.006009697466366181,0.056818181818181816,0.42501757954545455,190.19,1.2712709450226751,0.7866143750985857
CAM00158,Flowers Foods | Sponsored Product | Jul 2024,Sponsored Product,2754.08,0.202,59294,490,82,25,144.986518,0.00826390528552636,0.05102040816326531,0.2958908530612245,371.98,2.5656178597240333,0.3897696596591214
CAM00208,Flowers Foods | Sponsored Product | Jan 2025,Sponsored Product,2708.96,0.209,58301,464,66,23,141.83600499999997,0.007958697106396117,0.04956896551724138,0.3056810452586206,407.84000000000003,2.8754334980035576,0.3477736489799921
CAM00116,Wilkerson-Day Consumer | Video | May 2024,Video,1837.58,0.559,39466,157,8,4,141.371992,0.003978107738306391,0.025477707006369428,0.9004585477707007,106.41,0.7526950599946275,1.3285592707452307
CAM00044,Wilkerson-Day Consumer | Video | May 2024,Video,1956.66,0.566,42065,140,7,1,141.134972,0.0033281825745869486,0.007142857142857143,1.008106942857143,13.34,0.09451945050160919,10.579832983508247
CAM00092,Flowers Foods | Sponsored Product | Jul 2024,Sponsored Product,2743.87,0.295,59347,465,64,24,141.104225,0.007835273897585388,0.05161290322580645,0.3034499462365592,350.19,2.481782526355961,0.40293619178160434
CAM00182,Allen-Allen Essentials | Video | May 2024,Video,2548.18,0.445,48709,142,22,3,140.875713,0.0029152723316019625,0.02112676056338028,0.9920824859154929,15.44,0.10960015513816779,9.124074676165803
CAM00070,Watts Labs | Display | Mar 2024,Display,3438.12,0.33,66121,214,23,7,129.277986,0.003236490676184571,0.03271028037383177,0.604102738317757,161.97,1.2528815230769452,0.7981600666790146
CAM00103,Williams and Sons Naturals | Sponsored Brand | Jun 2024,Sponsored Brand,2768.59,0.288,53484,274,36,8,126.926345,0.005123027447460923,0.029197080291970802,0.4632348357664233,165.98000000000002,1.3076875411483724,0.7647086697192432
CAM00192,Rodriguez-Graham Naturals | Sponsored Product | Aug 2024,Sponsored Product,2278.05,0.273,48650,451,66,33,126.62774100000001,0.009270298047276464,0.07317073170731707,0.28077104434589806,1193.45,9.4248700211749,0.10610225899702544
CAM00081,Anderson Group Naturals | Sponsored Brand | Jun 2024,Sponsored Brand,2702.34,0.385,51968,280,38,14,124.84020100000001,0.005387931034482759,0.05,0.44585786071428574,122.96,0.9849391383149085,1.0152911597267404
CAM00189,Doyle Ltd Brands | Sponsored Brand | Jan 2025,Sponsored Brand,2539.99,0.265,48552,284,37,13,122.53795600000001,0.005849398582962597,0.045774647887323945,0.43147167605633807,371.78,3.033998706490583,0.3295980310936576
CAM00183,Wilkerson-Day Consumer | Sponsored Brand | Mar 2025,Sponsored Brand,1840.4,0.314,39843,284,40,18,122.50286799999999,0.007127977310945461,0.06338028169014084,0.43134812676056333,518.4300000000001,4.23198255244114,0.23629587022355955
CAM00035,Anderson Group Naturals | Video | Apr 2025,Video,2135.14,0.331,40838,128,12,5,121.500702,0.0031343356677604193,0.0390625,0.949224234375,54.78,0.45086159255277386,2.217975575027382
CAM00281,Hoffman Essentials | Sponsored Product | Jul 2024,Sponsored Product,2319.91,0.204,50005,403,46,15,120.16108899999998,0.008059194080591942,0.03722084367245657,0.29816647394540935,403.96,3.3618203976164036,0.29745788939498957
CAM00105,Hoffman Essentials | Sponsored Product | Jan 2025,Sponsored Product,2261.46,0.223,48526,403,52,20,119.38841900000001,0.008304826278695956,0.04962779156327544,0.2962491786600497,600.61,5.03072245223383,0.19877860674980438
CAM00213,Allen-Allen Essentials | Display | Dec 2024,Display,3078.31,0.383,58954,199,22,11,117.42288300000001,0.0033755131119177664,0.05527638190954774,0.5900647386934674,201.07,1.7123578885386417,0.5839900681354753
CAM00282,Ross Essentials | Display | Mar 2025,Display,2501.39,0.358,53290,178,18,4,115.87618599999999,0.003340213923813098,0.02247191011235955,0.650989808988764,116.82,1.0081450212729646,0.9919207841123096
CAM00138,Dyer Labs | Display | Feb 2024,Display,3112.49,0.463,59336,189,15,5,114.85029099999998,0.0031852501011190508,0.026455026455026454,0.6076734973544973,255.32,2.2230679415518417,0.44982880698731
CAM00209,Smith-Bowen Essentials | Sponsored Brand | Nov 2024,Sponsored Brand,1806.69,0.253,38935,254,18,3,113.75474299999998,0.006523693335045589,0.011811023622047244,0.4478533188976377,41.230000000000004,0.3624464256404677,2.7590284501576514
CAM00006,Ross Essentials | Sponsored Product | Feb 2024,Sponsored Product,2150.85,0.3,46808,370,55,22,111.29410000000003,0.00790463168689113,0.05945945945945946,0.30079486486486495,903.65,8.119478031629706,0.12316062634869698
CAM00121,Martin Labs | Sponsored Product | Oct 2024,Sponsored Product,2687.03,0.238,51405,383,67,27,109.061744,0.007450637097558603,0.07049608355091384,0.2847565117493473,373.5,3.4246655729253694,0.29199931459170014
CAM00120,Rodriguez-Graham Naturals | Sponsored Product | May 2024,Sponsored Product,2149.15,0.261,46004,358,38,21,107.81263399999999,0.007781932005912529,0.05865921787709497,0.30115260893854745,710.33,6.588559927030445,0.15177823546802188
CAM00264,Martin Labs | Sponsored Product | Jan 2024,Sponsored Product,2473.41,0.273,47168,398,66,25,106.56627499999999,0.008437924016282225,0.06281407035175879,0.2677544597989949,406.32,3.812838536394371,0.2622717931679464
CAM00268,Ferrell Foods | Display | May 2024,Display,2872.09,0.347,55226,163,23,8,103.99697499999999,0.002951508347517474,0.049079754601226995,0.6380182515337423,22.25,0.21394853071447512,4.674021348314606
CAM00108,Frazier Inc Naturals | Video | Jun 2024,Video,1798.95,0.403,34612,108,15,7,102.50180999999998,0.0031203050964983244,0.06481481481481481,0.9490908333333331,111.27000000000001,1.0855418065300508,0.9211989754650847
CAM00040,Williams and Sons Naturals | Sponsored Product | Nov 2024,Sponsored Product,2530.07,0.263,48527,356,51,16,101.974666,0.007336122158798195,0.0449438202247191,0.28644569101123596,349.82,3.430459875200768,0.2915061059973701
CAM00195,Williams and Sons Naturals | Display | Dec 2024,Display,2646.08,0.337,50856,164,20,9,99.13039800000001,0.0032247915683498505,0.054878048780487805,0.6044536463414635,209.72,2.1155972762260067,0.4726797539576579
CAM00184,Smith-Bowen Essentials | Sponsored Product | Oct 2024,Sponsored Product,1945.91,0.241,41645,324,52,22,98.065019,0.007780045623724336,0.06790123456790123,0.3026698117283951,773.9399999999999,7.892110845356588,0.12670881334470374
CAM00129,Smith-Bowen Essentials | Sponsored Product | Sep 2024,Sponsored Product,1877.22,0.29,40645,318,41,17,96.04979999999999,0.007823840570795916,0.05345911949685535,0.3020433962264151,503.75,5.244675158095072,0.1906695781637717
CAM00098,Abbott-Munoz Naturals | Sponsored Product | Nov 2024,Sponsored Product,2358.61,0.245,45639,344,43,21,95.830045,0.007537413177326409,0.061046511627906974,0.27857571220930233,633.9300000000001,6.615148725016252,0.15116818102945118
CAM00298,Rodriguez-Graham Naturals | Sponsored Product | Nov 2024,Sponsored Product,1969.03,0.264,42242,304,38,11,95.58049199999999,0.007196628947493016,0.03618421052631579,0.3144095131578947,441.21999999999997,4.616213944577728,0.21662774126286205
CAM00147,Doyle Ltd Brands | Sponsored Product | Aug 2024,Sponsored Product,2228.61,0.171,42571,320,51,18,89.76507800000002,0.007516854196518757,0.05625,0.28051586875000006,287.43,3.202024733939405,0.3123023971053822
CAM00217,Watts Labs | Display | Jul 2024,Display,2457.94,0.442,47205,123,11,5,86.43530800000002,0.002605656180489355,0.04065040650406504,0.7027260813008132,160.53,1.8572271414825057,0.5384371020992962
CAM00030,Frazier Inc Naturals | Sponsored Product | Nov 2024,Sponsored Product,2148.52,0.248,41437,303,38,15,86.413832,0.007312305427516471,0.04950495049504951,0.28519416501650163,475.58000000000004,5.503517075831101,0.1817019891500904
CAM00289,Baker and Sons Naturals | Video | Oct 2024,Video,1488.64,0.448,28387,95,7,3,86.278098,0.0033466023179624478,0.031578947368421054,0.9081905052631579,45.9,0.532000601125908,1.8796971241830065
CAM00240,Martin Labs | Sponsored Product | Mar 2024,Sponsored Product,2085.62,0.171,40248,304,39,11,84.70330400000002,0.007553170343868018,0.03618421052631579,0.27862928947368426,137.32,1.6211882360574739,0.6168315176230703
CAM00197,Ryan PLC Foods | Sponsored Product | Feb 2024,Sponsored Product,2133.24,0.326,40872,286,48,15,82.90766500000002,0.006997455470737914,0.05244755244755245,0.28988694055944064,182.14,2.1969018184265585,0.45518647743494034
CAM00255,Anderson Group Naturals | Sponsored Product | May 2025,Sponsored Product,1991.17,0.277,38056,298,43,20,82.658867,0.00783056548244692,0.06711409395973154,0.27737874832214765,199.10999999999999,2.408815983408047,0.4151417156345739
CAM00107,Galloway-Wyatt Consumer | Display | May 2025,Display,2243.07,0.405,43036,120,6,1,80.21836700000001,0.00278836323078353,0.008333333333333333,0.6684863916666668,49.08,0.6118299565983435,1.6344410554197233
CAM00177,Harrell LLC Consumer | Sponsored Product | Feb 2024,Sponsored Product,1955.34,0.302,37602,284,37,14,78.968436,0.007552789745226318,0.04929577464788732,0.2780578732394366,647.3,8.19694592913047,0.12199665688243473
CAM00071,Harrell LLC Consumer | Video | Jan 2024,Video,1340.01,0.467,25389,86,6,5,77.53573499999999,0.003387293709874355,0.05813953488372093,0.9015783139534882,183.45,2.366005816543817,0.4226532297628781
CAM00087,Abbott-Munoz Naturals | Display | Jan 2024,Display,2113.96,0.359,40038,128,9,4,77.51959000000001,0.003196962885259004,0.03125,0.6056217968750001,154.69,1.9954955902114546,0.5011286443855454
CAM00157,Baker Labs | Sponsored Brand | Jan 2025,Sponsored Brand,1574.07,0.322,30304,173,22,4,74.739176,0.005708817317845829,0.023121387283236993,0.4320183583815029,34.11,0.45638715631545096,2.191122134271475
CAM00145,Frazier Inc Naturals | Sponsored Brand | Aug 2024,Sponsored Brand,1560.64,0.281,30057,169,21,7,74.049217,0.005622650297767575,0.04142011834319527,0.4381610473372781,151.97,2.052283685862607,0.48726207146147266
CAM00110,Allen-Allen Essentials | Display | Mar 2024,Display,1941.38,0.38,37327,117,13,5,71.81812799999999,0.0031344603102312,0.042735042735042736,0.6138301538461537,89.22,1.242304728410632,0.8049554808338936
CAM00089,Watts Labs | Video | Apr 2025,Video,1242.55,0.415,23951,77,8,0,71.53486600000001,0.0032148970815414806,0.0,0.9290242337662339,0.0,0.0,
CAM00062,Abbott-Munoz Naturals | Sponsored Brand | Mar 2025,Sponsored Brand,1529.79,0.294,29160,164,22,5,71.372783,0.005624142661179698,0.03048780487804878,0.4351998963414634,81.03999999999999,1.1354468271189593,0.8807105503455085
CAM00057,Galloway-Wyatt Consumer | Sponsored Brand | Apr 2025,Sponsored Brand,1466.14,0.332,28205,160,18,3,69.71157999999998,0.005672753057968445,0.01875,0.4356973749999999,64.12,0.9197897967597352,1.087204928259513
CAM00150,Baker Labs | Sponsored Product | Feb 2025,Sponsored Product,1727.41,0.26,33247,236,37,14,68.17604700000001,0.0070983848166751885,0.059322033898305086,0.28888155508474583,120.09,1.7614690977903131,0.5677079440419686
CAM00263,Blair PLC Consumer | Video | Sep 2024,Video,1070.92,0.519,20557,82,10,4,66.755723,0.0039889088874835825,0.04878048780487805,0.8140941829268293,107.75,1.6140938208399,0.6195426728538284
CAM00101,Harrell LLC Consumer | Video | Feb 2025,Video,1089.84,0.497,20918,79,6,3,65.41677900000002,0.00377665168754183,0.0379746835443038,0.8280604936708863,56.25,0.8598711348964458,1.1629649600000003
CAM00196,Abbott-Munoz Naturals | Sponsored Product | Oct 2024,Sponsored Product,1570.1,0.225,30136,235,32,13,65.169971,0.007797982479426599,0.05531914893617021,0.2773190255319149,364.96000000000004,5.600125247869145,0.17856743478737394
CAM00026,Baker and Sons Naturals | Display | Aug 2024,Display,1818.67,0.334,34851,97,10,6,64.63828,0.002783277380849904,0.061855670103092786,0.6663740206185567,50.97,0.7885420218483536,1.268163233274475
CAM00025,Watts Labs | Display | Mar 2024,Display,1670.35,0.372,32385,110,10,5,63.987414,0.0033966342442488806,0.045454545454545456,0.5817037636363637,317.51,4.962069571994268,0.20152881484047747
CAM00242,Dyer Labs | Sponsored Product | Apr 2024,Sponsored Product,1570.77,0.281,30293,229,26,7,63.773497,0.00755950219522662,0.03056768558951965,0.2784868864628821,266.08,4.172266106091062,0.2396779051413109
CAM00011,Blair PLC Consumer | Display | Jun 2024,Display,1651.64,0.429,31456,111,14,5,63.416525,0.0035287385554425227,0.04504504504504504,0.5713200450450451,180.07,2.8394807189451012,0.3521770700283223
CAM00266,Galloway-Wyatt Consumer | Display | Jan 2025,Display,1747.76,0.374,33339,84,12,4,60.129817,0.0025195716728156213,0.047619047619047616,0.7158311547619048,174.72,2.9057131505988116,0.34414959363553116
CAM00033,Anderson Group Naturals | Sponsored Brand | Dec 2024,Sponsored Brand,1093.43,0.278,20949,154,18,6,59.776343,0.0073511862141391,0.03896103896103896,0.3881580714285714,55.14,0.9224384971158239,1.0840831157054769
CAM00106,Doyle Ltd Brands | Sponsored Product | Dec 2024,Sponsored Product,1471.38,0.234,28332,205,18,4,58.39372899999999,0.007235634618099675,0.01951219512195122,0.28484745853658533,113.77000000000001,1.9483256498313375,0.5132612200052737
CAM00252,Galloway-Wyatt Consumer | Sponsored Product | Aug 2024,Sponsored Product,1352.01,0.237,25980,201,25,10,56.384421,0.0077367205542725175,0.04975124378109453,0.28051950746268656,275.44,4.8850373048966835,0.20470672741794949
CAM00231,Blair PLC Consumer | Sponsored Product | Aug 2024,Sponsored Product,1384.93,0.14,26779,199,29,10,56.064357,0.007431196086485679,0.05025125628140704,0.28173043718592966,441.89,7.881834799246873,0.12687401163185408
CAM00002,Abbott-Munoz Naturals | Sponsored Brand | Oct 2024,Sponsored Brand,1146.73,0.335,21992,132,16,5,55.714462999999995,0.006002182611858858,0.03787878787878788,0.4220792651515151,177.03,3.17745142764815,0.3147176354290233
CAM00061,Martin Labs | Video | Jan 2024,Video,902.62,0.458,17105,66,7,2,55.33960399999999,0.0038585209003215433,0.030303030303030304,0.8384788484848483,76.98,1.3910471784366223,0.7188828786697842
CAM00155,Ryan PLC Foods | Sponsored Product | Nov 2024,Sponsored Product,1366.05,0.325,26042,193,33,11,55.238879999999995,0.007411105137854235,0.05699481865284974,0.28621181347150254,118.5,2.1452281436553386,0.46615088607594934
CAM00288,Martin Labs | Sponsored Product | Mar 2025,Sponsored Product,1301.32,0.235,24826,200,32,11,54.68575599999999,0.008056070248932571,0.055,0.2734287799999999,183.83,3.3615700585724744,0.2974800413425447
CAM00296,Abbott-Munoz Naturals | Display | Jan 2024,Display,1517.21,0.435,29173,82,8,2,53.63501199999999,0.002810818222328866,0.024390243902439025,0.6540855121951218,77.27,1.4406634233623368,0.6941246538113108
CAM00186,Watts Labs | Sponsored Product | Nov 2024,Sponsored Product,1126.77,0.215,21602,202,25,10,51.279251,0.00935098601981298,0.04950495049504951,0.2538576782178218,306.15,5.970251008541446,0.16749714519026623
CAM00251,Baker Labs | Sponsored Product | Apr 2025,Sponsored Product,1129.36,0.251,21628,180,23,6,48.73776800000001,0.008322544849269465,0.03333333333333333,0.2707653777777778,46.88,0.9618823742605528,1.0396281569965873
CAM00032,Galloway-Wyatt Consumer | Sponsored Brand | Feb 2024,Sponsored Brand,994.29,0.285,18958,116,17,8,48.594297999999995,0.006118788901782889,0.06896551724137931,0.4189163620689655,288.32,5.933206402117385,0.16854293146503882
CAM00216,Dyer Labs | Sponsored Product | May 2025,Sponsored Product,1139.2,0.266,21915,178,33,11,48.293034999999996,0.0081222906684919,0.06179775280898876,0.2713091853932584,323.59,6.700552160368467,0.1492414320590871
CAM00297,Ryan PLC Foods | Display | Jan 2024,Display,1226.23,0.379,23544,87,9,1,48.126791,0.0036952089704383284,0.011494252873563218,0.5531815057471264,31.71,0.658884570134751,1.5177165247555975
CAM00016,Dyer Labs | Video | Jan 2025,Video,900.21,0.504,17255,43,2,1,47.804007,0.0024920312952767315,0.023255813953488372,1.1117210930232557,23.34,0.4882435901241501,2.0481579691516707
CAM00074,Baker and Sons Naturals | Sponsored Brand | Feb 2024,Sponsored Brand,983.86,0.25,18860,110,12,4,47.438464,0.005832449628844115,0.03636363636363636,0.4312587636363637,32.93,0.6941624416844525,1.440584998481628
CAM00148,Martin Labs | Sponsored Brand | Sep 2024,Sponsored Brand,977.81,0.311,18730,109,6,2,46.809011999999996,0.005819540843566471,0.01834862385321101,0.4294404770642201,23.240000000000002,0.49648559127887604,2.0141571428571425
CAM00299,Spence PLC Foods | Sponsored Brand | Aug 2024,Sponsored Brand,1154.85,0.285,20589,114,14,5,46.611452,0.005536937199475448,0.043859649122807015,0.40887238596491227,245.95000000000002,5.276600265531313,0.1895159666598902
CAM00237,Williams and Sons Naturals | Sponsored Brand | Jan 2024,Sponsored Brand,1008.14,0.401,19389,102,16,4,46.21496400000001,0.005260714838310383,0.0392156862745098,0.4530878823529413,124.65,2.6971783424953006,0.3707578339350181
CAM00020,Blake and Sons Naturals | Video | Feb 2024,Video,908.33,0.507,16120,52,4,2,45.037836000000006,0.0032258064516129032,0.038461538461538464,0.8661122307692308,64.71000000000001,1.4367919453323645,0.6959949930458971
CAM00046,Ferrell Foods | Display | Feb 2024,Display,1153.9,0.477,22024,80,4,1,44.67598600000001,0.003632401017072285,0.0125,0.5584498250000001,10.2,0.22831057382818584,4.3799986274509815
CAM00202,Carlson-Cruz Brands | Video | May 2024,Video,955.34,0.463,16623,49,5,3,44.596799999999995,0.002947723034349997,0.061224489795918366,0.910138775510204,30.78,0.6901840490797547,1.4488888888888887
CAM00056,Harrell LLC Consumer | Sponsored Product | May 2024,Sponsored Product,1105.37,0.231,21264,152,23,12,44.446383999999995,0.0071482317531978935,0.07894736842105263,0.29241042105263154,253.20999999999998,5.696976383950605,0.17553170885825994
CAM00078,Baker Labs | Sponsored Brand | Jul 2024,Sponsored Brand,822.48,0.38,15880,111,16,7,44.36041399999999,0.00698992443324937,0.06306306306306306,0.3996433693693693,39.64,0.8935894962567303,1.1190820887991926
CAM00007,Williams and Sons Naturals | Display | Jun 2024,Display,1121.25,0.401,21519,77,7,2,43.624705,0.0035782331892745944,0.025974025974025976,0.5665546103896104,35.28,0.8087160704009345,1.2365279195011336
CAM00185,Dudley Group Naturals | Sponsored Brand | May 2025,Sponsored Brand,1078.58,0.3,19002,102,11,6,43.04087200000001,0.0053678560151563,0.058823529411764705,0.4219693333333334,282.32,6.55934666007696,0.15245420799093232
CAM00068,Frazier Inc Naturals | Sponsored Product | Mar 2024,Sponsored Product,1038.92,0.303,19832,145,20,7,41.13796500000001,0.007311415893505446,0.04827586206896552,0.2837101034482759,190.31,4.626140354779337,0.2161629183963008
CAM00034,Frazier Inc Naturals | Sponsored Product | Dec 2024,Sponsored Product,1065.0,0.268,20347,137,22,7,40.716981,0.006733179338477417,0.051094890510948905,0.2972042408759124,199.47000000000003,4.898938848142991,0.20412583847195062
CAM00179,Ferrell Foods | Display | May 2024,Display,1100.61,0.37,21037,66,8,6,40.441261999999995,0.0031373294671293434,0.09090909090909091,0.6127463939393939,83.17,2.0565629232836504,0.4862481904532884
CAM00073,Galloway-Wyatt Consumer | Display | Jun 2024,Display,1146.59,0.427,22008,53,7,0,39.254442000000004,0.0024082151944747367,0.0,0.7406498490566038,0.0,0.0,
CAM00256,Dyer Labs | Sponsored Brand | Apr 2025,Sponsored Brand,785.8,0.227,15145,92,24,13,39.168494,0.006074612083195774,0.14130434782608695,0.4257445,650.98,16.61999054648361,0.0601685059448831
CAM00241,Doyle Ltd Brands | Display | Oct 2024,Display,947.91,0.399,18539,72,7,1,38.475570000000005,0.003883704622687308,0.013888888888888888,0.5343829166666667,19.92,0.5177311213323156,1.9315045180722892
CAM00161,Ferrell Foods | Sponsored Product | Oct 2024,Sponsored Product,911.18,0.248,17792,136,17,5,38.10074,0.007643884892086331,0.03676470588235294,0.2801525,29.080000000000002,0.7632397690963483,1.310204264099037
CAM00223,Perez Inc Naturals | Sponsored Brand | Jan 2025,Sponsored Brand,985.82,0.316,17330,87,11,1,37.369094,0.005020196191575303,0.011494252873563218,0.429529816091954,12.48,0.3339658167789672,2.994318429487179
CAM00029,Allen-Allen Essentials | Sponsored Brand | Jul 2024,Sponsored Brand,671.32,0.345,12818,98,19,9,37.180265000000006,0.007645498517709471,0.09183673469387756,0.37939045918367353,190.86,5.13336846846035,0.1948038614691397
CAM00230,Rodriguez Labs | Sponsored Product | Feb 2024,Sponsored Product,1103.36,0.241,19406,140,22,7,37.05057099999999,0.007214263629805215,0.05,0.26464693571428566,231.28,6.242278965147395,0.16019790297474917
CAM00065,Harrell LLC Consumer | Display | Jun 2024,Display,925.41,0.343,17993,66,3,0,36.565298,0.0036680931473350746,0.0,0.5540196666666667,0.0,0.0,
CAM00059,Ferrell Foods | Display | Nov 2024,Display,892.02,0.386,17137,68,9,4,36.284413,0.003968022407655949,0.058823529411764705,0.5335943088235294,25.48,0.7022299079221703,1.4240350470957615
CAM00221,Doyle Ltd Brands | Display | Feb 2025,Display,963.29,0.396,18480,60,4,0,36.192376,0.003246753246753247,0.0,0.6032062666666668,0.0,0.0,
CAM00233,Walter Naturals | Display | Dec 2024,Display,1098.65,0.334,19690,66,5,2,36.083427,0.0033519553072625698,0.030303030303030304,0.5467185909090909,18.25,0.5057723591498113,1.977174082191781
CAM00290,Perez Inc Naturals | Sponsored Brand | Dec 2024,Sponsored Brand,928.96,0.298,16395,86,8,2,35.844303000000004,0.005245501677340653,0.023255813953488372,0.4167942209302326,35.92,1.002111827924231,0.9978926224944321
CAM00154,Burton Ltd Labs | Sponsored Product | May 2025,Sponsored Product,1013.13,0.233,18074,143,19,6,35.819156,0.007911917671793736,0.04195804195804196,0.2504836083916084,252.57,7.05125492069104,0.14181872748149027
CAM00283,Baker and Sons Naturals | Sponsored Brand | Dec 2024,Sponsored Brand,603.74,0.274,11434,95,14,5,34.948837,0.00830855343711737,0.05263157894736842,0.3678824947368421,49.88,1.4272291807592912,0.7006583199679229
CAM00117,Rodriguez LLC Foods | Sponsored Product | Apr 2024,Sponsored Product,1021.63,0.258,18109,133,16,7,34.69261199999999,0.007344414379590259,0.05263157894736842,0.26084670676691724,142.51,4.1077910190215725,0.2434398428180478
CAM00206,Snyder Consumer | Sponsored Product | May 2025,Sponsored Product,1021.81,0.255,18095,138,12,7,34.642137000000005,0.007626416137054435,0.050724637681159424,0.2510299782608696,372.96,10.766079471367483,0.09288432271557273
CAM00225,Mcclure Labs | Sponsored Product | Oct 2024,Sponsored Product,1061.47,0.219,18638,120,15,4,33.489878,0.00643845906213113,0.03333333333333333,0.27908231666666666,52.26,1.5604714952977734,0.6408319556065825
CAM00100,Blair PLC Consumer | Display | Feb 2025,Display,972.38,0.38,18615,46,3,1,33.425332,0.00247112543647596,0.021739130434782608,0.726637652173913,22.79,0.6818182090158447,1.4666666081614743
CAM00014,Ryan PLC Foods | Sponsored Product | Dec 2024,Sponsored Product,907.84,0.235,17479,108,15,3,33.282184,0.006178843183248469,0.027777777777777776,0.30816837037037037,41.41,1.2442092141549363,0.80372335184738
CAM00003,Reid Brands | Sponsored Brand | Jan 2025,Sponsored Brand,919.39,0.303,16083,73,15,9,33.09395800000001,0.004538954175216067,0.1232876712328767,0.453341890410959,110.95,3.352575717899925,0.2982781252816585
CAM00137,Anderson Group Naturals | Sponsored Product | Mar 2024,Sponsored Product,783.98,0.218,14946,119,22,10,33.031071000000004,0.007961996520808243,0.08403361344537816,0.27757202521008406,79.68,2.4122741887479213,0.41454657379518073
CAM00275,Watts Labs | Display | Sep 2024,Display,850.17,0.407,16279,57,8,2,32.764275999999995,0.0035014435776153327,0.03508771929824561,0.5748118596491227,109.52,3.342665041644748,0.2991624908692476
CAM00114,Anderson Group Naturals | Sponsored Product | Mar 2025,Sponsored Product,782.58,0.268,15018,121,26,14,32.686441,0.008056998268744174,0.11570247933884298,0.2701358760330579,110.71000000000001,3.387031338162512,0.2952437991148044
CAM00229,Mcclain Labs | Sponsored Product | Jul 2024,Sponsored Product,985.1,0.161,17340,122,16,5,32.312331,0.007035755478662053,0.040983606557377046,0.26485517213114756,54.629999999999995,1.6906858251730583,0.5914759472817134
CAM00051,Baker and Sons Naturals | Sponsored Product | May 2025,Sponsored Product,747.18,0.326,14140,118,23,8,31.990941999999997,0.008345120226308345,0.06779661016949153,0.2711096779661017,90.27,2.821736227710957,0.3543917359034009
CAM00090,Dyer Labs | Display | Apr 2025,Display,864.43,0.418,16745,51,6,1,31.989648000000003,0.003045685279187817,0.0196078431372549,0.627248,10.05,0.3141641320967333,3.183049552238806
CAM00270,Frazier Inc Naturals | Sponsored Product | Feb 2024,Sponsored Product,737.34,0.262,14109,120,16,7,31.836288,0.00850520944078248,0.058333333333333334,0.2653024,119.61,3.7570334833005656,0.2661674441936293
CAM00009,Romero Essentials | Display | Apr 2025,Display,1043.49,0.334,18714,52,5,2,31.771584999999995,0.002778668376616437,0.038461538461538464,0.6109920192307692,15.07,0.4743232042090441,2.1082670869276705
CAM00215,Williams and Sons Naturals | Display | Apr 2025,Display,824.75,0.415,15668,55,4,3,31.519633000000002,0.00351033954557059,0.05454545454545454,0.5730842363636364,72.25999999999999,2.2925393833107126,0.43619752283420987
CAM00280,Adams Labs | Sponsored Product | Nov 2024,Sponsored Product,947.17,0.265,16718,114,20,11,31.213116999999997,0.006818997487737768,0.09649122807017543,0.27379927192982456,125.37,4.016580593344779,0.2489679907473877
CAM00115,Allen-Allen Essentials | Sponsored Product | Apr 2024,Sponsored Product,777.71,0.3,14829,112,15,6,31.197194,0.007552768224425113,0.05357142857142857,0.278546375,123.53,3.9596509865598812,0.2525475107261394
CAM00293,Henderson Brands | Sponsored Product | Apr 2025,Sponsored Product,884.12,0.232,15683,122,16,4,31.02593700000001,0.007779123892112478,0.03278688524590164,0.2543109590163935,173.11,5.5795252855699395,0.1792267171162845
CAM00172,Adams Labs | Display | Jun 2024,Display,941.44,0.384,16725,56,7,2,30.553827,0.0033482810164424514,0.03571428571428571,0.5456040535714285,66.95,2.1912148681080117,0.4563678416728902
CAM00124,Ryan PLC Foods | Sponsored Product | Nov 2024,Sponsored Product,720.03,0.275,13702,113,16,7,30.529129000000005,0.008246971245073712,0.061946902654867256,0.27016928318584077,136.55,4.472777457882929,0.2235747272061516
CAM00079,Gardner Consumer | Display | Feb 2025,Display,964.73,0.343,16845,54,8,1,30.298482,0.0032056990204808546,0.018518518518518517,0.561083,17.94,0.5921088719890324,1.6888785953177257
CAM00248,Rodriguez LLC Foods | Sponsored Product | Dec 2024,Sponsored Product,957.95,0.228,16742,112,22,9,30.285551,0.006689762274519173,0.08035714285714286,0.2704067053571429,311.93,10.299631002255827,0.0970908569230276
CAM00235,Ryan PLC Foods | Sponsored Brand | Jan 2025,Sponsored Brand,633.7,0.307,12067,72,10,3,30.276652000000002,0.005966686003149084,0.041666666666666664,0.42050905555555557,40.28,1.3303980902511943,0.7516547169811321
CAM00239,Baker and Sons Naturals | Sponsored Product | Apr 2024,Sponsored Product,718.56,0.251,13702,102,10,6,28.659111999999997,0.007444168734491315,0.058823529411764705,0.28097168627450975,55.89,1.9501650993233848,0.5127770978708176
CAM00169,Reid Brands | Sponsored Product | Sep 2024,Sponsored Product,860.22,0.179,15101,108,14,9,28.581634,0.00715184424872525,0.08333333333333333,0.2646447592592593,99.03999999999999,3.4651622786856757,0.28858677302100166
CAM00238,Rodriguez Labs | Sponsored Product | Nov 2024,Sponsored Product,811.76,0.161,14419,105,16,10,27.868322999999997,0.007282058395173036,0.09523809523809523,0.26541259999999994,210.85,7.565937857114689,0.13217132084420202
CAM00279,Baker Labs | Display | Nov 2024,Display,702.26,0.362,13528,51,6,4,27.752395000000003,0.003769958604376109,0.0784313725490196,0.5441646078431374,38.24,1.3778990966365243,0.7257425470711297
CAM00053,Perez Inc Naturals | Sponsored Product | Feb 2024,Sponsored Product,845.02,0.204,15059,102,17,9,27.184587000000004,0.006773358124709476,0.08823529411764706,0.26651555882352945,394.60999999999996,14.51594611314124,0.0688897569752414
CAM00069,Arnold Ltd Naturals | Display | Apr 2024,Display,880.72,0.389,15439,41,7,2,26.079917000000002,0.0026556124101301897,0.04878048780487805,0.6360955365853659,27.67,1.060969634220845,0.9425340440910733
CAM00243,Allen-Allen Essentials | Sponsored Product | Jul 2024,Sponsored Product,657.91,0.275,12677,90,16,3,25.683651,0.00709947148378954,0.03333333333333333,0.2853739,17.610000000000003,0.6856501826784674,1.4584696763202725
CAM00122,Mcclure Labs | Sponsored Product | May 2025,Sponsored Product,665.69,0.249,11768,107,12,5,25.519003000000005,0.009092454112848402,0.04672897196261682,0.23849535514018697,89.03,3.4887726609068537,0.2866337526676402
CAM00134,Reid Brands | Sponsored Product | Jul 2024,Sponsored Product,677.54,0.222,11907,101,13,4,24.687867,0.008482405307802133,0.039603960396039604,0.24443432673267326,44.6,1.80655542254825,0.5535396188340808
CAM00236,Davis and Sons Naturals | Sponsored Product | Aug 2024,Sponsored Product,709.99,0.193,12378,91,13,4,23.932937000000003,0.007351753110357085,0.04395604395604396,0.2629993076923077,33.41,1.395984120127003,0.7163405267883869
CAM00245,Walter Naturals | Sponsored Product | Jan 2025,Sponsored Product,720.49,0.221,12717,87,15,7,23.613124999999997,0.006841236140599198,0.08045977011494253,0.27141522988505745,182.6,7.732987480479607,0.12931612814895946
CAM00144,Blake and Sons Naturals | Sponsored Product | Jan 2024,Sponsored Product,703.85,0.21,12461,85,15,5,23.255900000000004,0.0068212824010914054,0.058823529411764705,0.27359882352941184,116.96000000000001,5.02926139173285,0.19883635430916555
CAM00228,Mcclure Labs | Sponsored Product | Nov 2024,Sponsored Product,691.47,0.229,12281,83,12,7,22.376042000000005,0.006758407295822816,0.08433734939759036,0.2695908674698796,169.18,7.560765214866864,0.13226174488710252
CAM00165,Gray-Mayo Foods | Sponsored Brand | Jun 2024,Sponsored Brand,575.64,0.411,10082,51,7,4,21.996913000000003,0.00505852013489387,0.0784313725490196,0.4313120196078432,60.11,2.7326561686178414,0.3659443187489603
CAM00214,Walter Naturals | Display | Apr 2025,Display,695.65,0.403,12289,39,5,1,21.705812999999996,0.003173569859223696,0.02564102564102564,0.5565593076923075,29.46,1.357240108905389,0.7367893075356414
CAM00250,Spence PLC Foods | Display | May 2025,Display,775.16,0.358,13703,28,2,1,21.673029999999997,0.0020433481719331534,0.03571428571428571,0.7740367857142856,98.64,4.551278709068368,0.21971847120843468
CAM00204,George Group Essentials | Sponsored Product | Apr 2025,Sponsored Product,706.74,0.262,12534,75,7,1,21.603691,0.005983724269985639,0.013333333333333334,0.28804921333333333,20.58,0.9526149952802045,1.0497420310981538
CAM00191,Snyder Consumer | Sponsored Product | Apr 2025,Sponsored Product,563.82,0.288,9978,81,12,7,20.367718999999997,0.008117859290438966,0.08641975308641975,0.25145332098765427,615.4399999999999,30.216442008061875,0.03309456486416223
CAM00254,Spence PLC Foods | Display | May 2024,Display,645.05,0.402,11496,33,2,1,20.132118,0.002870563674321503,0.030303030303030304,0.6100641818181818,10.73,0.5329791927506088,1.876245852749301
CAM00049,Davis and Sons Naturals | Sponsored Product | Feb 2024,Sponsored Product,587.88,0.287,10382,75,6,0,19.676278,0.007224041610479676,0.0,0.26235037333333333,0.0,0.0,
CAM00259,Dudley Group Naturals | Sponsored Product | Apr 2024,Sponsored Product,642.24,0.246,11242,64,7,3,19.081746,0.005692937199786515,0.046875,0.29815228125,64.93,3.4027284505306805,0.2938818111812721
CAM00123,James Group Foods | Display | Jan 2024,Display,584.14,0.408,10492,33,3,1,18.510778,0.0031452535264963784,0.030303030303030304,0.5609326666666666,10.91,0.5893863564243491,1.696679926672777
CAM00269,Arroyo Essentials | Sponsored Brand | Apr 2025,Sponsored Brand,483.18,0.298,8475,44,11,2,18.216291000000002,0.005191740412979351,0.045454545454545456,0.41400661363636365,128.26999999999998,7.041499282153539,0.14201521010368756
CAM00141,Rodriguez LLC Foods | Sponsored Brand | May 2025,Sponsored Brand,468.48,0.31,8066,43,3,0,17.973069,0.005331019092486983,0.0,0.4179783488372093,0.0,0.0,
CAM00021,Hickman Ltd Naturals | Sponsored Product | Sep 2024,Sponsored Product,515.34,0.276,9102,71,11,3,17.957345999999998,0.007800483410239508,0.04225352112676056,0.25292036619718306,116.72,6.4998469150173985,0.15384977724468812
CAM00119,Romero Essentials | Sponsored Product | Jan 2025,Sponsored Product,533.93,0.166,9342,65,7,3,17.777843000000004,0.006957824876900022,0.046153846153846156,0.27350527692307697,27.82,1.5648692588859061,0.6390310208483108
CAM00109,Adams Labs | Video | Jun 2024,Video,298.09,0.327,5437,26,5,2,17.743292,0.004782048924038992,0.07692307692307693,0.6824343076923077,10.89,0.6137530735559106,1.6293197428833792
CAM00187,Gray-Mayo Foods | Video | May 2025,Video,379.55,0.416,6750,17,2,0,17.695140000000002,0.0025185185185185185,0.0,1.0408905882352943,0.0,0.0,
CAM00292,Perez Inc Naturals | Sponsored Product | Mar 2024,Sponsored Product,548.45,0.259,9758,61,5,1,17.392996000000004,0.00625128100020496,0.01639344262295082,0.28513108196721315,65.24,3.750935146538295,0.2666001839362355
CAM00199,Blake and Sons Naturals | Sponsored Product | Jan 2024,Sponsored Product,511.8,0.22,9142,66,3,1,17.327331,0.007219426821264493,0.015151515151515152,0.2625353181818182,19.6,1.131160938750463,0.8840475
CAM00077,Arnold Ltd Naturals | Sponsored Brand | May 2024,Sponsored Brand,471.95,0.322,8389,37,7,4,17.105825999999997,0.004410537608773394,0.10810810810810811,0.46231962162162155,101.62,5.940666063129604,0.16833129305254868
CAM00176,Walter Naturals | Display | Apr 2025,Display,580.4,0.358,10231,25,1,0,16.788339,0.00244355390479914,0.0,0.67153356,0.0,0.0,
CAM00024,Gray-Mayo Foods | Display | Jun 2024,Display,492.32,0.342,8807,34,6,2,16.710517,0.0038605654592937435,0.058823529411764705,0.49148579411764703,101.62,6.081200240543127,0.16444122220035426
CAM00012,George Group Essentials | Video | Nov 2024,Video,336.25,0.421,6019,19,4,1,16.558587999999997,0.0031566705432796147,0.05263157894736842,0.8715046315789472,24.56,1.4832182550831028,0.6742096091205211
CAM00102,Blake and Sons Naturals | Sponsored Product | Nov 2024,Sponsored Product,478.84,0.223,8528,63,12,6,16.489373999999998,0.007387429643527205,0.09523809523809523,0.2617360952380952,202.82999999999998,12.300648890612829,0.08129652418281319
CAM00207,Gray-Mayo Foods | Sponsored Product | Oct 2024,Sponsored Product,573.59,0.236,10274,52,5,3,16.322963,0.005061319836480436,0.057692307692307696,0.31390313461538466,28.09,1.72088854211089,0.5810951584193664
CAM00272,Blake and Sons Naturals | Video | Apr 2024,Video,342.13,0.502,5870,20,2,1,16.188043,0.0034071550255536627,0.05,0.80940215,45.35,2.801450428566319,0.3569579492833517
CAM00200,Reid Brands | Video | May 2024,Video,356.29,0.47,6277,15,2,0,15.980108000000001,0.0023896765971005256,0.0,1.0653405333333335,0.0,0.0,
CAM00017,Hickman Ltd Naturals | Sponsored Product | Apr 2025,Sponsored Product,485.23,0.295,8425,59,6,2,15.938632,0.007002967359050445,0.03389830508474576,0.27014630508474574,65.32,4.098218717892476,0.2440084507042254
CAM00260,Rodriguez Labs | Sponsored Product | Nov 2024,Sponsored Product,448.26,0.227,7955,60,3,0,15.610122999999998,0.00754242614707731,0.0,0.26016871666666663,0.0,0.0,
CAM00190,Snyder Consumer | Sponsored Product | Jan 2024,Sponsored Product,512.05,0.226,8985,57,9,3,15.595577999999998,0.006343906510851419,0.05263157894736842,0.2736066315789473,143.79,9.219921185351387,0.1084607969956186
CAM00132,Rodriguez Labs | Sponsored Product | Mar 2024,Sponsored Product,484.74,0.286,8336,59,12,2,15.530362999999998,0.007077735124760077,0.03389830508474576,0.2632264915254237,18.97,1.2214782101358481,0.8186801792303636
CAM00036,Rodriguez LLC Foods | Display | Apr 2025,Display,533.71,0.332,9320,24,3,1,15.466598999999999,0.002575107296137339,0.041666666666666664,0.6444416249999999,69.1,4.467691959945428,0.22382921852387844
CAM00118,Arroyo Essentials | Display | Apr 2025,Display,484.88,0.356,8429,28,4,1,15.432019,0.003321864989915767,0.03571428571428571,0.5511435357142858,23.3,1.50984780410133,0.6623184120171673
CAM00067,Dudley Group Naturals | Sponsored Product | Dec 2024,Sponsored Product,399.55,0.344,7056,63,8,1,15.361366000000002,0.008928571428571428,0.015873015873015872,0.24383120634920638,7.01,0.45633962500470326,2.1913503566333814
CAM00285,James Group Foods | Sponsored Product | May 2025,Sponsored Product,520.73,0.238,9241,50,10,3,15.312349000000003,0.005410669840926307,0.06,0.30624698000000006,28.87,1.885406347517288,0.5303896432282648
CAM00210,Burton Ltd Labs | Sponsored Product | Apr 2025,Sponsored Product,418.95,0.242,7395,60,7,2,15.282294000000004,0.008113590263691683,0.03333333333333333,0.25470490000000007,283.68,18.562658197781037,0.05387159475465314
CAM00082,Mcclain Labs | Display | May 2025,Display,497.37,0.404,8780,24,1,1,14.780537,0.002733485193621868,0.041666666666666664,0.6158557083333334,13.6,0.9201289506599116,1.0868041911764708
CAM00244,Henderson Brands | Sponsored Product | Oct 2024,Sponsored Product,492.45,0.159,8592,50,5,2,14.700938000000003,0.005819366852886406,0.04,0.29401876000000005,125.51,8.537550461065816,0.11712961517010598
CAM00247,Adams Labs | Video | Oct 2024,Video,270.42,0.511,4792,19,5,2,14.518230999999998,0.003964941569282137,0.10526315789473684,0.7641174210526315,13.59,0.936064455786659,1.0683025018395877
CAM00262,Burton Ltd Labs | Sponsored Product | May 2025,Sponsored Product,410.92,0.261,7143,58,6,1,14.439818,0.008119837603247936,0.017241379310344827,0.24896237931034484,11.74,0.8130296379081786,1.229967461669506
CAM00170,Reid Brands | Sponsored Product | Sep 2024,Sponsored Product,449.15,0.243,7928,54,6,2,14.395291000000002,0.006811301715438951,0.037037037037037035,0.266579462962963,18.5,1.2851424816629269,0.7781238378378379
CAM00232,Henderson Brands | Display | Jan 2025,Display,461.81,0.445,8116,22,2,1,13.726240999999998,0.0027106949236076886,0.045454545454545456,0.6239200454545454,11.43,0.8327115923434538,1.200895975503062
CAM00181,Mcclure Labs | Video | Feb 2024,Video,330.71,0.452,5815,11,0,0,13.650697000000001,0.001891659501289768,0.0,1.2409724545454546,0.0,0.0,
CAM00111,Davis and Sons Naturals | Display | Oct 2024,Display,407.52,0.457,7046,27,2,1,13.552783999999999,0.0038319613965370424,0.037037037037037035,0.5019549629629629,8.14,0.6006146043499255,1.6649611793611792
CAM00086,Arroyo Essentials | Sponsored Product | Oct 2024,Sponsored Product,433.62,0.148,7561,47,5,1,13.407723999999998,0.006216108980293612,0.02127659574468085,0.2852707234042553,15.89,1.185137760890663,0.8437837633731905
CAM00143,Hickman Ltd Naturals | Display | Jun 2024,Display,429.78,0.386,7599,22,4,2,13.146529,0.002895117778655086,0.09090909090909091,0.5975695,38.25,2.909513225886468,0.34370010457516337
CAM00253,Gray-Mayo Foods | Sponsored Product | May 2025,Sponsored Product,384.91,0.14,6774,46,6,2,12.567369,0.006790670209625037,0.043478260869565216,0.27320367391304345,23.380000000000003,1.8603734799224885,0.5375264756201881
CAM00142,Spence PLC Foods | Display | May 2025,Display,340.17,0.361,6042,28,2,0,12.328401000000001,0.004634227077126779,0.0,0.4403000357142858,0.0,0.0,
CAM00139,Carlson-Cruz Brands | Sponsored Product | Apr 2025,Sponsored Product,308.51,0.224,5489,48,5,2,11.453607,0.00874476225177628,0.041666666666666664,0.2386168125,83.14,7.258848675356156,0.1377628939138802
CAM00220,Arnold Ltd Naturals | Video | Dec 2024,Video,227.71,0.426,4063,13,3,1,11.372199,0.0031996062023135615,0.07692307692307693,0.8747845384615385,4.35,0.3825117727890621,2.6142986206896555
CAM00258,Carlson-Cruz Brands | Sponsored Product | Feb 2024,Sponsored Product,341.24,0.158,5880,41,6,1,11.042454,0.006972789115646258,0.024390243902439025,0.2693281463414634,10.91,0.9880050213476099,1.0121406049495874
CAM00153,Henderson Brands | Video | Mar 2024,Video,223.41,0.429,3946,12,1,0,10.984728,0.0030410542321338066,0.0,0.915394,0.0,0.0,
CAM00085,Carlson-Cruz Brands | Sponsored Brand | May 2024,Sponsored Brand,303.87,0.302,5236,25,2,1,10.851090000000001,0.004774637127578304,0.04,0.43404360000000003,10.91,1.0054289476909692,0.9946003666361137
CAM00050,James Group Foods | Sponsored Brand | May 2025,Sponsored Brand,295.89,0.277,5108,25,2,2,10.773731000000002,0.004894283476898982,0.08,0.43094924000000007,66.37,6.160354291377796,0.16232832605092665
CAM00008,Arnold Ltd Naturals | Display | Feb 2024,Display,345.07,0.458,6028,18,0,0,10.616149,0.0029860650298606504,0.0,0.5897860555555555,0.0,0.0,
CAM00128,Davis and Sons Naturals | Video | Aug 2024,Video,200.82,0.548,3545,13,2,0,10.443142,0.0036671368124118475,0.0,0.8033186153846154,0.0,0.0,
CAM00047,Romero Essentials | Display | Apr 2025,Display,324.73,0.396,5772,17,1,0,10.214872,0.002945252945252945,0.0,0.6008748235294118,0.0,0.0,
CAM00163,Davis and Sons Naturals | Sponsored Product | Aug 2024,Sponsored Product,302.31,0.276,5296,38,5,2,10.116579,0.007175226586102719,0.05263157894736842,0.26622576315789476,17.3,1.7100642420723449,0.584773352601156
CAM00162,Carlson-Cruz Brands | Display | Feb 2025,Display,325.76,0.435,5819,17,2,1,9.951092,0.00292146416910122,0.058823529411764705,0.5853583529411764,36.94,3.7121554096776515,0.2693852734163508
CAM00227,Adams Labs | Sponsored Product | Mar 2024,Sponsored Product,349.16,0.22,6102,32,1,1,9.66215,0.005244182235332678,0.03125,0.3019421875,3.59,0.37155291524143175,2.691406685236769
CAM00018,Snyder Consumer | Display | Apr 2024,Display,234.54,0.263,4271,24,1,0,9.631514000000001,0.005619292905642706,0.0,0.4013130833333334,0.0,0.0,
CAM00038,Morales-Jones Consumer | Display | Sep 2024,Display,309.17,0.456,5463,17,0,0,9.572192,0.0031118433095368844,0.0,0.5630701176470588,0.0,0.0,
CAM00015,Morales-Jones Consumer | Display | Mar 2024,Display,310.58,0.418,5462,15,1,1,9.332918999999999,0.0027462467960454044,0.06666666666666667,0.6221945999999999,27.83,2.9819180901495024,0.33535461731943944
CAM00277,Morales-Jones Consumer | Display | Sep 2024,Display,322.78,0.438,5676,14,2,1,9.310431000000001,0.0024665257223396757,0.07142857142857142,0.6650307857142858,97.16,10.43560711636228,0.09582576163030056
CAM00027,Hickman Ltd Naturals | Sponsored Product | Jan 2025,Sponsored Product,286.19,0.308,5161,33,1,0,9.300514999999999,0.006394109668668863,0.0,0.2818337878787878,0.0,0.0,
CAM00028,Romero Essentials | Sponsored Product | Aug 2024,Sponsored Product,309.73,0.24,5435,30,3,2,9.164636,0.005519779208831647,0.06666666666666667,0.30548786666666666,17.43,1.9018758628275034,0.5257966724039013
CAM00066,Gardner Consumer | Sponsored Product | Sep 2024,Sponsored Product,264.69,0.294,4492,36,6,4,9.150354,0.008014247551202136,0.1111111111111111,0.2541765,95.59,10.446590372350622,0.09572501307668166
CAM00088,Rodriguez LLC Foods | Sponsored Product | May 2024,Sponsored Product,325.07,0.23,5609,29,5,2,9.113998000000002,0.005170262078801925,0.06896551724137931,0.31427579310344833,66.76,7.324996121350914,0.13651884361893352
CAM00188,Mcclain Labs | Sponsored Brand | Oct 2024,Sponsored Brand,248.41,0.286,4393,18,2,1,8.859808000000001,0.004097427725927612,0.05555555555555555,0.4922115555555556,10.07,1.1365934792266377,0.8798220456802384
CAM00052,Rodriguez Labs | Sponsored Product | Jun 2024,Sponsored Product,271.11,0.24,4813,31,1,1,8.764638,0.006440889258258882,0.03225806451612903,0.2827302580645161,24.5,2.795323663110787,0.3577403265306122
CAM00133,Rodriguez LLC Foods | Sponsored Brand | Apr 2025,Sponsored Brand,210.82,0.264,3712,21,1,1,8.572129,0.005657327586206897,0.047619047619047616,0.40819661904761906,34.55,4.030503973983592,0.24810793053545588
CAM00094,Morales-Jones Consumer | Display | Feb 2024,Display,289.88,0.325,4981,13,2,0,8.433411,0.0026099176872114035,0.0,0.6487239230769231,0.0,0.0,
CAM00167,Romero Essentials | Display | Jan 2025,Display,276.76,0.378,4872,13,0,0,8.139232,0.0026683087027914616,0.0,0.6260947692307692,0.0,0.0,
CAM00291,Gardner Consumer | Display | Nov 2024,Display,234.64,0.381,4158,16,0,0,8.100281,0.003848003848003848,0.0,0.5062675625,0.0,0.0,
CAM00127,Gardner Consumer | Sponsored Brand | Feb 2025,Sponsored Brand,222.35,0.314,3888,18,2,0,8.051565,0.004629629629629629,0.0,0.44730916666666665,0.0,0.0,
CAM00257,Arnold Ltd Naturals | Sponsored Product | Jul 2024,Sponsored Product,226.93,0.293,4106,31,3,0,7.999722,0.00754992693619094,0.0,0.25805554838709677,0.0,0.0,
CAM00084,James Group Foods | Sponsored Brand | Feb 2025,Sponsored Brand,198.93,0.284,3522,18,4,1,7.893495999999999,0.005110732538330494,0.05555555555555555,0.4385275555555555,4.47,0.5662890055306293,1.765882774049217
CAM00043,Dudley Group Naturals | Sponsored Product | Apr 2024,Sponsored Product,206.14,0.268,3624,31,5,4,7.787786999999998,0.008554083885209713,0.12903225806451613,0.2512189354838709,161.07,20.682383840236003,0.04835032594524119
CAM00095,George Group Essentials | Display | May 2024,Display,229.37,0.426,4075,16,0,0,7.653376,0.00392638036809816,0.0,0.478336,0.0,0.0,
CAM00205,Romero Essentials | Display | Jan 2024,Display,262.92,0.299,4612,9,0,0,7.1462819999999985,0.0019514310494362533,0.0,0.7940313333333332,0.0,0.0,
CAM00166,Burton Ltd Labs | Sponsored Product | Mar 2024,Sponsored Product,239.63,0.196,4175,24,4,1,7.060185999999998,0.005748502994011976,0.041666666666666664,0.2941744166666666,32.28,4.572117505119555,0.2187170384138785
CAM00278,Arroyo Essentials | Sponsored Product | Oct 2024,Sponsored Product,168.32,0.281,3063,31,5,2,7.050693,0.010120796604635978,0.06451612903225806,0.22744170967741936,53.56999999999999,7.597834709297369,0.13161644577188727
CAM00064,Arroyo Essentials | Sponsored Brand | Dec 2024,Sponsored Brand,142.51,0.32,2590,19,2,1,6.915626,0.007335907335907336,0.05263157894736842,0.36398031578947365,34.92,5.049434425748299,0.19804198167239404
CAM00211,Walter Naturals | Sponsored Product | Mar 2024,Sponsored Product,171.6,0.253,3063,28,3,2,6.792057999999998,0.009141364675155077,0.07142857142857142,0.24257349999999994,56.010000000000005,8.246396011341485,0.12126509551865734
CAM00300,Rodriguez Labs | Sponsored Product | Jan 2024,Sponsored Product,206.14,0.303,3540,24,1,0,6.550914999999999,0.006779661016949152,0.0,0.27295479166666664,0.0,0.0,
CAM00226,Walter Naturals | Sponsored Product | Jun 2024,Sponsored Product,187.02,0.252,3368,25,4,1,6.545465,0.007422802850356294,0.04,0.2618186,12.72,1.9433302294031058,0.5145805817610063
CAM00203,Arnold Ltd Naturals | Video | Apr 2025,Video,127.32,0.512,2275,8,1,1,6.465894000000001,0.0035164835164835165,0.125,0.8082367500000002,16.61,2.568863640511273,0.38927718242022885
CAM00271,Davis and Sons Naturals | Sponsored Brand | Apr 2025,Sponsored Brand,174.42,0.255,3024,14,1,0,6.341833,0.004629629629629629,0.0,0.45298807142857145,0.0,0.0,
CAM00274,Mcclain Labs | Sponsored Product | Jun 2024,Sponsored Product,192.13,0.247,3278,25,3,2,6.249736999999999,0.00762660158633313,0.08,0.24998947999999996,42.76,6.841887906643112,0.14615848924228247
CAM00249,Gardner Consumer | Sponsored Product | Dec 2024,Sponsored Product,244.42,0.227,4321,17,3,1,6.144374,0.003934274473501504,0.058823529411764705,0.36143376470588234,24.81,4.037840144496412,0.2476571543732366
CAM00224,Adams Labs | Sponsored Product | May 2025,Sponsored Product,178.11,0.236,3145,25,3,2,6.110671,0.00794912559618442,0.08,0.24442684,46.129999999999995,7.549089126218708,0.13246631259484068
CAM00246,Dudley Group Naturals | Sponsored Product | May 2025,Sponsored Product,126.35,0.291,2229,29,2,2,6.063269,0.01301031852848811,0.06896551724137931,0.20907824137931036,89.67,14.789051912425458,0.06761758670681388
CAM00113,Dudley Group Naturals | Sponsored Product | Sep 2024,Sponsored Product,197.62,0.251,3448,21,1,0,6.038876,0.006090487238979118,0.0,0.2875655238095238,0.0,0.0,
CAM00001,James Group Foods | Sponsored Brand | Nov 2024,Sponsored Brand,179.43,0.347,3112,11,1,0,6.018799,0.0035347043701799484,0.0,0.5471635454545454,0.0,0.0,
CAM00198,Carlson-Cruz Brands | Sponsored Product | Mar 2025,Sponsored Product,163.46,0.238,2898,24,2,1,5.954088999999999,0.008281573498964804,0.041666666666666664,0.24808704166666662,31.78,5.337508391292103,0.1873533354310887
CAM00096,Blake and Sons Naturals | Display | May 2024,Display,146.66,0.452,2637,15,3,1,5.9294270000000004,0.005688282138794084,0.06666666666666667,0.3952951333333334,51.55,8.69392607413836,0.11502283220174589
CAM00173,Gray-Mayo Foods | Sponsored Product | Oct 2024,Sponsored Product,167.04,0.249,2982,23,5,3,5.922037,0.0077129443326626424,0.13043478260869565,0.2574798695652174,132.9,22.441602441862486,0.044560097817908206
CAM00031,Mcclain Labs | Sponsored Product | Jan 2025,Sponsored Product,138.9,0.167,2427,25,3,2,5.741476,0.010300782859497322,0.08,0.22965903999999998,26.689999999999998,4.648630421863646,0.21511712251779694
CAM00055,George Group Essentials | Sponsored Brand | May 2024,Sponsored Brand,141.71,0.294,2574,13,2,0,5.670795,0.005050505050505051,0.0,0.436215,0.0,0.0,
CAM00212,James Group Foods | Sponsored Product | Apr 2025,Sponsored Product,185.87,0.261,3276,19,1,0,5.667469,0.0057997557997558,0.0,0.29828784210526316,0.0,0.0,
CAM00159,Spence PLC Foods | Display | Nov 2024,Display,180.19,0.376,3234,9,2,0,5.628821000000001,0.0027829313543599257,0.0,0.6254245555555557,0.0,0.0,
CAM00267,Mcclure Labs | Sponsored Product | Jan 2024,Sponsored Product,152.11,0.259,2727,21,4,1,5.5256609999999995,0.007700770077007701,0.047619047619047616,0.26312671428571427,28.71,5.195758480297652,0.19246468129571576
CAM00168,Morales-Jones Consumer | Sponsored Product | Jan 2024,Sponsored Product,173.22,0.208,3155,20,1,0,5.499972,0.006339144215530904,0.0,0.2749986,0.0,0.0,
CAM00201,Gardner Consumer | Display | Jul 2024,Display,201.34,0.371,3492,8,0,0,5.491948000000001,0.002290950744558992,0.0,0.6864935000000001,0.0,0.0,
CAM00286,Mcclure Labs | Display | Sep 2024,Display,137.87,0.391,2380,13,0,0,5.436884999999999,0.0054621848739495795,0.0,0.418221923076923,0.0,0.0,
CAM00193,George Group Essentials | Display | Jan 2025,Display,180.37,0.426,3043,10,1,0,5.350699,0.003286230693394676,0.0,0.5350699,0.0,0.0,
CAM00041,Reid Brands | Sponsored Product | Jul 2024,Sponsored Product,155.39,0.246,2680,20,2,0,5.31436,0.007462686567164179,0.0,0.265718,0.0,0.0,
CAM00125,Henderson Brands | Sponsored Product | Nov 2024,Sponsored Product,124.05,0.214,2167,22,2,1,5.209290000000001,0.01015228426395939,0.045454545454545456,0.23678590909090913,34.74,6.668855064701715,0.14995077720207256
CAM00276,Arroyo Essentials | Sponsored Brand | Oct 2024,Sponsored Brand,122.98,0.313,2187,13,2,1,5.032429,0.00594421582075903,0.07692307692307693,0.38710992307692305,4.21,0.8365741473948267,1.1953513064133017
CAM00194,Hickman Ltd Naturals | Sponsored Product | Mar 2025,Sponsored Product,173.62,0.244,3022,17,1,0,5.019985,0.005625413633355393,0.0,0.29529323529411766,0.0,0.0,
CAM00135,Mcclain Labs | Sponsored Brand | Oct 2024,Sponsored Brand,139.71,0.355,2441,10,1,0,4.789382,0.004096681687832855,0.0,0.4789382,0.0,0.0,
CAM00099,Burton Ltd Labs | Display | Jul 2024,Display,154.17,0.489,2719,8,1,0,4.694381999999999,0.002942258183155572,0.0,0.5867977499999999,0.0,0.0,
CAM00175,Henderson Brands | Sponsored Product | Feb 2024,Sponsored Product,161.12,0.312,2810,15,3,1,4.63558,0.005338078291814947,0.06666666666666667,0.3090386666666667,12.8,2.761251019289927,0.36215468749999996
CAM00042,George Group Essentials | Sponsored Brand | Feb 2025,Sponsored Brand,132.05,0.33,2251,10,1,0,4.617921,0.00444247001332741,0.0,0.4617921,0.0,0.0,
CAM00178,Snyder Consumer | Sponsored Product | Jan 2025,Sponsored Product,140.89,0.209,2508,17,4,0,4.568434000000001,0.006778309409888357,0.0,0.26873141176470594,0.0,0.0,
CAM00019,Perez Inc Naturals | Sponsored Brand | May 2025,Sponsored Brand,136.49,0.338,2414,9,0,0,4.563932,0.003728251864125932,0.0,0.5071035555555556,0.0,0.0,
CAM00151,Spence PLC Foods | Sponsored Product | Mar 2024,Sponsored Product,135.23,0.25,2357,17,0,0,4.4968889999999995,0.007212558336868901,0.0,0.26452288235294114,0.0,0.0,
CAM00284,Morales-Jones Consumer | Sponsored Product | Apr 2025,Sponsored Product,143.22,0.189,2559,16,4,1,4.489335,0.0062524423602969914,0.0625,0.2805834375,20.28,4.517372840298174,0.22136760355029583
CAM00083,Snyder Consumer | Sponsored Product | Apr 2025,Sponsored Product,131.98,0.213,2390,17,2,2,4.413734999999999,0.007112970711297071,0.11764705882352941,0.2596314705882352,125.44999999999999,28.422639782406513,0.035183220406536465
CAM00174,Perez Inc Naturals | Sponsored Product | Oct 2024,Sponsored Product,135.84,0.196,2383,15,2,1,4.121099,0.00629458665547629,0.06666666666666667,0.27473993333333335,11.27,2.7347074166381344,0.3656698314108252
CAM00273,Burton Ltd Labs | Display | Aug 2024,Display,124.04,0.437,2205,5,0,0,3.5985429999999994,0.0022675736961451248,0.0,0.7197085999999999,0.0,0.0,
CAM00104,Hickman Ltd Naturals | Sponsored Product | Dec 2024,Sponsored Product,136.81,0.222,2378,10,2,1,3.5971739999999994,0.004205214465937763,0.1,0.35971739999999996,17.63,4.901069561828258,0.20403709585933066
